State,Dates,cases,deaths,population,new_cases,new_deaths
CA,2022-05-30,8967578,90624,39512223,16380.0,90.0
CA,2022-05-31,8973066,90626,39512223,5488.0,2.0
CA,2022-06-01,8984553,90627,39512223,11487.0,1.0
CA,2022-06-02,8986351,90627,39512223,1798.0,0.0
CA,2022-06-03,8986351,90627,39512223,0.0,0.0
CA,2022-06-04,8986351,90627,39512223,0.0,0.0
CA,2022-06-05,8986351,90627,39512223,0.0,0.0
CA,2022-06-06,9055331,90702,39512223,68980.0,75.0
CA,2022-06-07,9055331,90702,39512223,0.0,0.0
CA,2022-06-08,9055331,90702,39512223,0.0,0.0
CA,2022-06-09,9055331,90702,39512223,0.0,0.0
CA,2022-06-10,9102971,90819,39512223,47640.0,117.0
CA,2022-06-11,9102971,90819,39512223,0.0,0.0
CA,2022-06-12,9164713,90918,39512223,61742.0,99.0
CA,2022-06-13,9165736,90918,39512223,1023.0,0.0
CA,2022-06-14,9193261,91045,39512223,27525.0,127.0
CA,2022-06-15,9196709,91047,39512223,3448.0,2.0
CA,2022-06-16,9197044,91047,39512223,335.0,0.0
CA,2022-06-17,9246101,91120,39512223,49057.0,73.0
CA,2022-06-18,9267947,91216,39512223,21846.0,96.0
CA,2022-06-19,9276584,91220,39512223,8637.0,4.0
CA,2022-06-20,9283482,91223,39512223,6898.0,3.0
CA,2022-06-21,9297497,91224,39512223,14015.0,1.0
CA,2022-06-22,9307644,91227,39512223,10147.0,3.0
CA,2022-06-23,9309511,91227,39512223,1867.0,0.0
CA,2022-06-24,9354384,91327,39512223,44873.0,100.0
CA,2022-06-25,9367093,91328,39512223,12709.0,1.0
CA,2022-06-26,9372345,91328,39512223,5252.0,0.0
CA,2022-06-27,9373713,91328,39512223,1368.0,0.0
CA,2022-06-28,9373713,91328,39512223,0.0,0.0
CA,2022-06-29,9456971,92114,39512223,83258.0,786.0
CA,2022-06-30,9476666,92144,39512223,19695.0,30.0
CA,2022-07-01,9494713,92179,39512223,18047.0,35.0
CA,2022-07-02,9512502,92212,39512223,17789.0,33.0
CA,2022-07-03,9523848,92258,39512223,11346.0,46.0
CA,2022-07-04,9533572,92300,39512223,9724.0,42.0
CA,2022-07-05,9543438,92343,39512223,9866.0,43.0
CA,2022-07-06,9570435,92374,39512223,26997.0,31.0
CA,2022-07-07,9593304,92415,39512223,22869.0,41.0
CA,2022-07-08,9614342,92444,39512223,21038.0,29.0
CA,2022-07-09,9634424,92496,39512223,20082.0,52.0
CA,2022-07-10,9647777,92540,39512223,13353.0,44.0
CA,2022-07-11,9615061,91867,39512223,-32716.0,-673.0
CA,2022-07-12,9615061,91867,39512223,0.0,0.0
CA,2022-07-13,9615061,91867,39512223,0.0,0.0
CA,2022-07-14,9711102,92101,39512223,96041.0,234.0
CA,2022-07-15,9727151,92104,39512223,16049.0,3.0
CA,2022-07-16,9751991,92247,39512223,24840.0,143.0
CA,2022-07-17,9762939,92255,39512223,10948.0,8.0
CA,2022-07-18,9771309,92264,39512223,8370.0,9.0
CA,2022-07-19,9789165,92275,39512223,17856.0,11.0
CA,2022-07-20,9799174,92275,39512223,10009.0,0.0
CA,2022-07-21,9801031,92276,39512223,1857.0,1.0
CA,2022-07-22,9849206,92399,39512223,48175.0,123.0
CA,2022-07-23,9860609,92401,39512223,11403.0,2.0
CA,2022-07-24,9865492,92401,39512223,4883.0,0.0
CA,2022-07-25,9866941,92401,39512223,1449.0,0.0
CA,2022-07-26,9866941,92401,39512223,0.0,0.0
CA,2022-07-27,9934926,92681,39512223,67985.0,280.0
CA,2022-07-28,9949683,92687,39512223,14757.0,6.0
CA,2022-07-29,9961089,92691,39512223,11406.0,4.0
CA,2022-07-30,9971697,92691,39512223,10608.0,0.0
CA,2022-07-31,9976322,92691,39512223,4625.0,0.0
CA,2022-08-01,9977430,92691,39512223,1108.0,0.0
CA,2022-08-02,10009234,92852,39512223,31804.0,161.0
CA,2022-08-03,10017676,92854,39512223,8442.0,2.0
CA,2022-08-04,10019355,92854,39512223,1679.0,0.0
CA,2022-08-05,10052878,92990,39512223,33523.0,136.0
CA,2022-08-06,10061767,92992,39512223,8889.0,2.0
CA,2022-08-07,10065854,92992,39512223,4087.0,0.0
CA,2022-08-08,10066835,92992,39512223,981.0,0.0
CA,2022-08-09,10091609,93157,39512223,24774.0,165.0
CA,2022-08-10,10098507,93161,39512223,6898.0,4.0
CA,2022-08-11,10099888,93161,39512223,1381.0,0.0
CA,2022-08-12,10129369,93328,39512223,29481.0,167.0
CA,2022-08-13,10136589,93329,39512223,7220.0,1.0
CA,2022-08-14,10140188,93329,39512223,3599.0,0.0
CA,2022-08-15,10141002,93329,39512223,814.0,0.0
CA,2022-08-16,10163679,93506,39512223,22677.0,177.0
CA,2022-08-17,10169524,93511,39512223,5845.0,5.0
CA,2022-08-18,10170725,93511,39512223,1201.0,0.0
CA,2022-08-19,10196302,93652,39512223,25577.0,141.0
CA,2022-08-20,10202934,93652,39512223,6632.0,0.0
CA,2022-08-21,10206034,93652,39512223,3100.0,0.0
CA,2022-08-22,10206820,93652,39512223,786.0,0.0
CA,2022-08-23,10226741,93850,39512223,19921.0,198.0
CA,2022-08-24,10231855,93851,39512223,5114.0,1.0
CA,2022-08-25,10232953,93851,39512223,1098.0,0.0
CA,2022-08-26,10254432,93923,39512223,21479.0,72.0
CA,2022-08-27,10260005,93924,39512223,5573.0,1.0
CA,2022-08-28,10262420,93924,39512223,2415.0,0.0
CA,2022-08-29,10263114,93924,39512223,694.0,0.0
CA,2022-08-30,10263114,93924,39512223,0.0,0.0
CA,2022-08-31,10285228,94044,39512223,22114.0,120.0
CA,2022-09-01,10286359,94044,39512223,1131.0,0.0
CA,2022-09-02,10286359,94044,39512223,0.0,0.0
CA,2022-09-03,10286359,94044,39512223,0.0,0.0
CA,2022-09-04,10286359,94044,39512223,0.0,0.0
CA,2022-09-05,10309722,94165,39512223,23363.0,121.0
CA,2022-09-06,10309722,94165,39512223,0.0,0.0
CA,2022-09-07,10309722,94165,39512223,0.0,0.0
CA,2022-09-08,10309722,94165,39512223,0.0,0.0
CA,2022-09-09,10309722,94165,39512223,0.0,0.0
CA,2022-09-10,10325181,94370,39512223,15459.0,205.0
CA,2022-09-11,10325181,94370,39512223,0.0,0.0
CA,2022-09-12,10325181,94370,39512223,0.0,0.0
CA,2022-09-13,10325181,94370,39512223,0.0,0.0
CA,2022-09-14,10325181,94370,39512223,0.0,0.0
CA,2022-09-15,10350113,94562,39512223,24932.0,192.0
CA,2022-09-16,10350113,94562,39512223,0.0,0.0
CA,2022-09-17,10350113,94562,39512223,0.0,0.0
CA,2022-09-18,10350113,94562,39512223,0.0,0.0
CA,2022-09-19,10350113,94562,39512223,0.0,0.0
CA,2022-09-20,10350113,94562,39512223,0.0,0.0
CA,2022-09-21,10350113,94562,39512223,0.0,0.0
CA,2022-09-22,10379907,94811,39512223,29794.0,249.0
CA,2022-09-23,10379907,94811,39512223,0.0,0.0
CA,2022-09-24,10379907,94811,39512223,0.0,0.0
CA,2022-09-25,10405403,94969,39512223,25496.0,158.0
CA,2022-09-26,10406644,94972,39512223,1241.0,3.0
CA,2022-09-27,10407574,94972,39512223,930.0,0.0
CA,2022-09-28,10407574,94972,39512223,0.0,0.0
CA,2022-09-29,10407574,94972,39512223,0.0,0.0
CA,2022-09-30,10407574,94972,39512223,0.0,0.0
CA,2022-10-01,10407574,94972,39512223,0.0,0.0
CA,2022-10-02,10407574,94972,39512223,0.0,0.0
CA,2022-10-03,10407574,94972,39512223,0.0,0.0
CA,2022-10-04,10407574,94972,39512223,0.0,0.0
CA,2022-10-05,10432693,95221,39512223,25119.0,249.0
CA,2022-10-06,10432693,95221,39512223,0.0,0.0
CA,2022-10-07,10432693,95221,39512223,0.0,0.0
CA,2022-10-08,10432693,95221,39512223,0.0,0.0
CA,2022-10-09,10432693,95221,39512223,0.0,0.0
CA,2022-10-10,10432693,95221,39512223,0.0,0.0
CA,2022-10-11,10432693,95221,39512223,0.0,0.0
CA,2022-10-12,10432693,95221,39512223,0.0,0.0
CA,2022-10-13,10453927,95411,39512223,21234.0,190.0
CA,2022-10-14,10453927,95411,39512223,0.0,0.0
CA,2022-10-15,10453927,95411,39512223,0.0,0.0
CA,2022-10-16,10470596,95613,39512223,16669.0,202.0
CA,2022-10-17,10471402,95614,39512223,806.0,1.0
CA,2022-10-18,10472137,95614,39512223,735.0,0.0
CA,2022-10-19,10472137,95614,39512223,0.0,0.0
CA,2022-10-20,10472137,95614,39512223,0.0,0.0
CA,2022-10-21,10472137,95614,39512223,0.0,0.0
CA,2022-10-22,10472137,95614,39512223,0.0,0.0
CA,2022-10-23,10472137,95614,39512223,0.0,0.0
CA,2022-10-24,10493395,95862,39512223,21258.0,248.0
CA,2022-10-25,10494219,95862,39512223,824.0,0.0
CA,2022-10-26,10494219,95862,39512223,0.0,0.0
CA,2022-10-27,10494219,95862,39512223,0.0,0.0
CA,2022-10-28,10494219,95862,39512223,0.0,0.0
CA,2022-10-29,10494219,95862,39512223,0.0,0.0
CA,2022-10-30,10494219,95862,39512223,0.0,0.0
CA,2022-10-31,10494219,95862,39512223,0.0,0.0
CA,2022-11-01,10494219,95862,39512223,0.0,0.0
CA,2022-11-02,10494219,95862,39512223,0.0,0.0
CA,2022-11-03,10494219,95862,39512223,0.0,0.0
CA,2022-11-04,10514369,95990,39512223,20150.0,128.0
CA,2022-11-05,10514369,95990,39512223,0.0,0.0
CA,2022-11-06,10514369,95990,39512223,0.0,0.0
CA,2022-11-07,10514369,95990,39512223,0.0,0.0
CA,2022-11-08,10537666,96135,39512223,23297.0,145.0
CA,2022-11-09,10537666,96135,39512223,0.0,0.0
CA,2022-11-10,10537666,96135,39512223,0.0,0.0
CA,2022-11-11,10537666,96135,39512223,0.0,0.0
CA,2022-11-12,10537666,96135,39512223,0.0,0.0
CA,2022-11-13,10537666,96135,39512223,0.0,0.0
CA,2022-11-14,10577586,96621,39512223,39920.0,486.0
CA,2022-11-15,10584122,96633,39512223,6536.0,12.0
CA,2022-11-16,10568961,96301,39512223,-15161.0,-332.0
CA,2022-11-17,10568961,96301,39512223,0.0,0.0
CA,2022-11-18,10568961,96301,39512223,0.0,0.0
CA,2022-11-19,10568961,96301,39512223,0.0,0.0
CA,2022-11-20,10568961,96301,39512223,0.0,0.0
CA,2022-11-21,10568961,96301,39512223,0.0,0.0
CA,2022-11-22,10623263,96707,39512223,54302.0,406.0
CA,2022-11-23,10606260,96513,39512223,-17003.0,-194.0
CA,2022-11-24,10606260,96513,39512223,0.0,0.0
CA,2022-11-25,10606260,96513,39512223,0.0,0.0
CA,2022-11-26,10606260,96513,39512223,0.0,0.0
CA,2022-11-27,10606260,96513,39512223,0.0,0.0
CA,2022-11-28,10646486,96614,39512223,40226.0,101.0
CA,2022-11-29,10646802,96614,39512223,316.0,0.0
CA,2022-11-30,10646802,96614,39512223,0.0,0.0
CA,2022-12-01,10646802,96614,39512223,0.0,0.0
CA,2022-12-02,10646802,96614,39512223,0.0,0.0
CA,2022-12-03,10646802,96614,39512223,0.0,0.0
CA,2022-12-04,10646802,96614,39512223,0.0,0.0
CA,2022-12-05,10718960,96806,39512223,72158.0,192.0
CA,2022-12-06,10721202,96808,39512223,2242.0,2.0
CA,2022-12-07,10721202,96808,39512223,0.0,0.0
CA,2022-12-08,10721202,96808,39512223,0.0,0.0
CA,2022-12-09,10721202,96808,39512223,0.0,0.0
CA,2022-12-10,10721202,96808,39512223,0.0,0.0
CA,2022-12-11,10721202,96808,39512223,0.0,0.0
CA,2022-12-12,10721202,96808,39512223,0.0,0.0
CA,2022-12-13,10721202,96808,39512223,0.0,0.0
CA,2022-12-14,10785330,97012,39512223,64128.0,204.0
CA,2022-12-15,10785330,97012,39512223,0.0,0.0
CA,2022-12-16,10785330,97012,39512223,0.0,0.0
CA,2022-12-17,10785330,97012,39512223,0.0,0.0
CA,2022-12-18,10785330,97012,39512223,0.0,0.0
CA,2022-12-19,10841648,97523,39512223,56318.0,511.0
CA,2022-12-20,10850562,97531,39512223,8914.0,8.0
CA,2022-12-21,10858667,97541,39512223,8105.0,10.0
CA,2022-12-22,10865702,97556,39512223,7035.0,15.0
CA,2022-12-23,10871873,97561,39512223,6171.0,5.0
CA,2022-12-24,10877267,97562,39512223,5394.0,1.0
CA,2022-12-25,10879953,97562,39512223,2686.0,0.0
CA,2022-12-26,10881480,97562,39512223,1527.0,0.0
CA,2022-12-27,10883092,97562,39512223,1612.0,0.0
CA,2022-12-28,10883092,97562,39512223,0.0,0.0
CA,2022-12-29,10883092,97562,39512223,0.0,0.0
CA,2022-12-30,10883092,97562,39512223,0.0,0.0
CA,2022-12-31,10883092,97562,39512223,0.0,0.0
CA,2023-01-01,10883092,97562,39512223,0.0,0.0
CA,2023-01-02,10883092,97562,39512223,0.0,0.0
NC,2022-05-30,2744935,24644,10488084,0.0,0.0
NC,2022-05-31,2744935,24644,10488084,0.0,0.0
NC,2022-06-01,2772725,24653,10488084,27790.0,9.0
NC,2022-06-02,2772725,24653,10488084,0.0,0.0
NC,2022-06-03,2772725,24653,10488084,0.0,0.0
NC,2022-06-04,2772725,24653,10488084,0.0,0.0
NC,2022-06-05,2772725,24653,10488084,0.0,0.0
NC,2022-06-06,2772725,24653,10488084,0.0,0.0
NC,2022-06-07,2772725,24653,10488084,0.0,0.0
NC,2022-06-08,2799515,25094,10488084,26790.0,441.0
NC,2022-06-09,2799515,25094,10488084,0.0,0.0
NC,2022-06-10,2799515,25094,10488084,0.0,0.0
NC,2022-06-11,2799515,25094,10488084,0.0,0.0
NC,2022-06-12,2799515,25094,10488084,0.0,0.0
NC,2022-06-13,2799515,25094,10488084,0.0,0.0
NC,2022-06-14,2799515,25094,10488084,0.0,0.0
NC,2022-06-15,2823979,25140,10488084,24464.0,46.0
NC,2022-06-16,2823979,25140,10488084,0.0,0.0
NC,2022-06-17,2823979,25140,10488084,0.0,0.0
NC,2022-06-18,2823979,25140,10488084,0.0,0.0
NC,2022-06-19,2823979,25140,10488084,0.0,0.0
NC,2022-06-20,2823979,25140,10488084,0.0,0.0
NC,2022-06-21,2823979,25140,10488084,0.0,0.0
NC,2022-06-22,2843077,25151,10488084,19098.0,11.0
NC,2022-06-23,2843077,25151,10488084,0.0,0.0
NC,2022-06-24,2843077,25151,10488084,0.0,0.0
NC,2022-06-25,2843077,25151,10488084,0.0,0.0
NC,2022-06-26,2843077,25151,10488084,0.0,0.0
NC,2022-06-27,2843077,25151,10488084,0.0,0.0
NC,2022-06-28,2843077,25151,10488084,0.0,0.0
NC,2022-06-29,2867218,25209,10488084,24141.0,58.0
NC,2022-06-30,2867218,25209,10488084,0.0,0.0
NC,2022-07-01,2867218,25209,10488084,0.0,0.0
NC,2022-07-02,2867218,25209,10488084,0.0,0.0
NC,2022-07-03,2867218,25209,10488084,0.0,0.0
NC,2022-07-04,2867218,25209,10488084,0.0,0.0
NC,2022-07-05,2867218,25209,10488084,0.0,0.0
NC,2022-07-06,2892680,25257,10488084,25462.0,48.0
NC,2022-07-07,2892680,25257,10488084,0.0,0.0
NC,2022-07-08,2892680,25257,10488084,0.0,0.0
NC,2022-07-09,2892680,25257,10488084,0.0,0.0
NC,2022-07-10,2892680,25257,10488084,0.0,0.0
NC,2022-07-11,2892680,25257,10488084,0.0,0.0
NC,2022-07-12,2892680,25257,10488084,0.0,0.0
NC,2022-07-13,2919067,25395,10488084,26387.0,138.0
NC,2022-07-14,2919067,25395,10488084,0.0,0.0
NC,2022-07-15,2919067,25395,10488084,0.0,0.0
NC,2022-07-16,2919067,25395,10488084,0.0,0.0
NC,2022-07-17,2919067,25395,10488084,0.0,0.0
NC,2022-07-18,2919067,25395,10488084,0.0,0.0
NC,2022-07-19,2919067,25395,10488084,0.0,0.0
NC,2022-07-20,2949198,25435,10488084,30131.0,40.0
NC,2022-07-21,2949198,25435,10488084,0.0,0.0
NC,2022-07-22,2949198,25435,10488084,0.0,0.0
NC,2022-07-23,2949198,25435,10488084,0.0,0.0
NC,2022-07-24,2949198,25435,10488084,0.0,0.0
NC,2022-07-25,2949198,25435,10488084,0.0,0.0
NC,2022-07-26,2949198,25435,10488084,0.0,0.0
NC,2022-07-27,2983130,25483,10488084,33932.0,48.0
NC,2022-07-28,2983130,25483,10488084,0.0,0.0
NC,2022-07-29,2983130,25483,10488084,0.0,0.0
NC,2022-07-30,2983130,25483,10488084,0.0,0.0
NC,2022-07-31,2983130,25483,10488084,0.0,0.0
NC,2022-08-01,2983130,25483,10488084,0.0,0.0
NC,2022-08-02,2983130,25483,10488084,0.0,0.0
NC,2022-08-03,3016395,25687,10488084,33265.0,204.0
NC,2022-08-04,3016395,25687,10488084,0.0,0.0
NC,2022-08-05,3016395,25687,10488084,0.0,0.0
NC,2022-08-06,3016395,25687,10488084,0.0,0.0
NC,2022-08-07,3016395,25687,10488084,0.0,0.0
NC,2022-08-08,3016395,25687,10488084,0.0,0.0
NC,2022-08-09,3016395,25687,10488084,0.0,0.0
NC,2022-08-10,3047625,25724,10488084,31230.0,37.0
NC,2022-08-11,3047625,25724,10488084,0.0,0.0
NC,2022-08-12,3047625,25724,10488084,0.0,0.0
NC,2022-08-13,3047625,25724,10488084,0.0,0.0
NC,2022-08-14,3047625,25724,10488084,0.0,0.0
NC,2022-08-15,3047625,25724,10488084,0.0,0.0
NC,2022-08-16,3047625,25724,10488084,0.0,0.0
NC,2022-08-17,3074964,25760,10488084,27339.0,36.0
NC,2022-08-18,3074964,25760,10488084,0.0,0.0
NC,2022-08-19,3074964,25760,10488084,0.0,0.0
NC,2022-08-20,3074964,25760,10488084,0.0,0.0
NC,2022-08-21,3074964,25760,10488084,0.0,0.0
NC,2022-08-22,3074964,25760,10488084,0.0,0.0
NC,2022-08-23,3074964,25760,10488084,0.0,0.0
NC,2022-08-24,3098923,25843,10488084,23959.0,83.0
NC,2022-08-25,3098923,25843,10488084,0.0,0.0
NC,2022-08-26,3098923,25843,10488084,0.0,0.0
NC,2022-08-27,3098923,25843,10488084,0.0,0.0
NC,2022-08-28,3098923,25843,10488084,0.0,0.0
NC,2022-08-29,3098923,25843,10488084,0.0,0.0
NC,2022-08-30,3098923,25843,10488084,0.0,0.0
NC,2022-08-31,3120821,26335,10488084,21898.0,492.0
NC,2022-09-01,3120821,26335,10488084,0.0,0.0
NC,2022-09-02,3120821,26335,10488084,0.0,0.0
NC,2022-09-03,3120821,26335,10488084,0.0,0.0
NC,2022-09-04,3120821,26335,10488084,0.0,0.0
NC,2022-09-05,3120821,26335,10488084,0.0,0.0
NC,2022-09-06,3120821,26335,10488084,0.0,0.0
NC,2022-09-07,3141302,26365,10488084,20481.0,30.0
NC,2022-09-08,3141302,26365,10488084,0.0,0.0
NC,2022-09-09,3141302,26365,10488084,0.0,0.0
NC,2022-09-10,3141302,26365,10488084,0.0,0.0
NC,2022-09-11,3141302,26365,10488084,0.0,0.0
NC,2022-09-12,3141302,26365,10488084,0.0,0.0
NC,2022-09-13,3141302,26365,10488084,0.0,0.0
NC,2022-09-14,3162491,26414,10488084,21189.0,49.0
NC,2022-09-15,3162491,26414,10488084,0.0,0.0
NC,2022-09-16,3162491,26414,10488084,0.0,0.0
NC,2022-09-17,3162491,26414,10488084,0.0,0.0
NC,2022-09-18,3162491,26414,10488084,0.0,0.0
NC,2022-09-19,3162491,26414,10488084,0.0,0.0
NC,2022-09-20,3162491,26414,10488084,0.0,0.0
NC,2022-09-21,3182775,26458,10488084,20284.0,44.0
NC,2022-09-22,3182775,26458,10488084,0.0,0.0
NC,2022-09-23,3182775,26458,10488084,0.0,0.0
NC,2022-09-24,3182775,26458,10488084,0.0,0.0
NC,2022-09-25,3182775,26458,10488084,0.0,0.0
NC,2022-09-26,3182775,26458,10488084,0.0,0.0
NC,2022-09-27,3182775,26458,10488084,0.0,0.0
NC,2022-09-28,3198866,26525,10488084,16091.0,67.0
NC,2022-09-29,3198866,26525,10488084,0.0,0.0
NC,2022-09-30,3198866,26525,10488084,0.0,0.0
NC,2022-10-01,3198866,26525,10488084,0.0,0.0
NC,2022-10-02,3198866,26525,10488084,0.0,0.0
NC,2022-10-03,3198866,26525,10488084,0.0,0.0
NC,2022-10-04,3198866,26525,10488084,0.0,0.0
NC,2022-10-05,3210837,26852,10488084,11971.0,327.0
NC,2022-10-06,3210837,26852,10488084,0.0,0.0
NC,2022-10-07,3210837,26852,10488084,0.0,0.0
NC,2022-10-08,3210837,26852,10488084,0.0,0.0
NC,2022-10-09,3210837,26852,10488084,0.0,0.0
NC,2022-10-10,3210837,26852,10488084,0.0,0.0
NC,2022-10-11,3210837,26852,10488084,0.0,0.0
NC,2022-10-12,3220858,26885,10488084,10021.0,33.0
NC,2022-10-13,3220858,26885,10488084,0.0,0.0
NC,2022-10-14,3220858,26885,10488084,0.0,0.0
NC,2022-10-15,3220858,26885,10488084,0.0,0.0
NC,2022-10-16,3220858,26885,10488084,0.0,0.0
NC,2022-10-17,3220858,26885,10488084,0.0,0.0
NC,2022-10-18,3220858,26885,10488084,0.0,0.0
NC,2022-10-19,3220858,26885,10488084,0.0,0.0
NC,2022-10-20,3220858,26885,10488084,0.0,0.0
NC,2022-10-21,3220858,26885,10488084,0.0,0.0
NC,2022-10-22,3220858,26885,10488084,0.0,0.0
NC,2022-10-23,3220858,26885,10488084,0.0,0.0
NC,2022-10-24,3220858,26885,10488084,0.0,0.0
NC,2022-10-25,3220858,26885,10488084,0.0,0.0
NC,2022-10-26,3237440,26953,10488084,16582.0,68.0
NC,2022-10-27,3237440,26953,10488084,0.0,0.0
NC,2022-10-28,3237440,26953,10488084,0.0,0.0
NC,2022-10-29,3237440,26953,10488084,0.0,0.0
NC,2022-10-30,3237440,26953,10488084,0.0,0.0
NC,2022-10-31,3237440,26953,10488084,0.0,0.0
NC,2022-11-01,3237440,26953,10488084,0.0,0.0
NC,2022-11-02,3246175,27234,10488084,8735.0,281.0
NC,2022-11-03,3246175,27234,10488084,0.0,0.0
NC,2022-11-04,3246175,27234,10488084,0.0,0.0
NC,2022-11-05,3246175,27234,10488084,0.0,0.0
NC,2022-11-06,3246175,27234,10488084,0.0,0.0
NC,2022-11-07,3246175,27234,10488084,0.0,0.0
NC,2022-11-08,3246175,27234,10488084,0.0,0.0
NC,2022-11-09,3255540,27264,10488084,9365.0,30.0
NC,2022-11-10,3255540,27264,10488084,0.0,0.0
NC,2022-11-11,3255540,27264,10488084,0.0,0.0
NC,2022-11-12,3255540,27264,10488084,0.0,0.0
NC,2022-11-13,3255540,27264,10488084,0.0,0.0
NC,2022-11-14,3255540,27264,10488084,0.0,0.0
NC,2022-11-15,3255540,27264,10488084,0.0,0.0
NC,2022-11-16,3262335,27305,10488084,6795.0,41.0
NC,2022-11-17,3262335,27305,10488084,0.0,0.0
NC,2022-11-18,3262335,27305,10488084,0.0,0.0
NC,2022-11-19,3262335,27305,10488084,0.0,0.0
NC,2022-11-20,3262335,27305,10488084,0.0,0.0
NC,2022-11-21,3262335,27305,10488084,0.0,0.0
NC,2022-11-22,3262335,27305,10488084,0.0,0.0
NC,2022-11-23,3268501,27347,10488084,6166.0,42.0
NC,2022-11-24,3268501,27347,10488084,0.0,0.0
NC,2022-11-25,3268501,27347,10488084,0.0,0.0
NC,2022-11-26,3268501,27347,10488084,0.0,0.0
NC,2022-11-27,3268501,27347,10488084,0.0,0.0
NC,2022-11-28,3268501,27347,10488084,0.0,0.0
NC,2022-11-29,3268501,27347,10488084,0.0,0.0
NC,2022-11-30,3275343,27371,10488084,6842.0,24.0
NC,2022-12-01,3275343,27371,10488084,0.0,0.0
NC,2022-12-02,3275343,27371,10488084,0.0,0.0
NC,2022-12-03,3275343,27371,10488084,0.0,0.0
NC,2022-12-04,3275343,27371,10488084,0.0,0.0
NC,2022-12-05,3275343,27371,10488084,0.0,0.0
NC,2022-12-06,3275343,27371,10488084,0.0,0.0
NC,2022-12-07,3286948,27533,10488084,11605.0,162.0
NC,2022-12-08,3286948,27533,10488084,0.0,0.0
NC,2022-12-09,3286948,27533,10488084,0.0,0.0
NC,2022-12-10,3286948,27533,10488084,0.0,0.0
NC,2022-12-11,3286948,27533,10488084,0.0,0.0
NC,2022-12-12,3286948,27533,10488084,0.0,0.0
NC,2022-12-13,3286948,27533,10488084,0.0,0.0
NC,2022-12-14,3286948,27533,10488084,0.0,0.0
NC,2022-12-15,3286948,27533,10488084,0.0,0.0
NC,2022-12-16,3300138,27580,10488084,13190.0,47.0
NC,2022-12-17,3300138,27580,10488084,0.0,0.0
NC,2022-12-18,3300138,27580,10488084,0.0,0.0
NC,2022-12-19,3300138,27580,10488084,0.0,0.0
NC,2022-12-20,3300138,27580,10488084,0.0,0.0
NC,2022-12-21,3316814,27629,10488084,16676.0,49.0
NC,2022-12-22,3316814,27629,10488084,0.0,0.0
NC,2022-12-23,3316814,27629,10488084,0.0,0.0
NC,2022-12-24,3316814,27629,10488084,0.0,0.0
NC,2022-12-25,3316814,27629,10488084,0.0,0.0
NC,2022-12-26,3316814,27629,10488084,0.0,0.0
NC,2022-12-27,3316814,27629,10488084,0.0,0.0
NC,2022-12-28,3316814,27629,10488084,0.0,0.0
NC,2022-12-29,3316814,27629,10488084,0.0,0.0
NC,2022-12-30,3316814,27629,10488084,0.0,0.0
NC,2022-12-31,3316814,27629,10488084,0.0,0.0
NC,2023-01-01,3316814,27629,10488084,0.0,0.0
NC,2023-01-02,3316814,27629,10488084,0.0,0.0
NJ,2022-05-30,2378143,33673,8882190,0.0,0.0
NJ,2022-05-31,2391574,33702,8882190,13431.0,29.0
NJ,2022-06-01,2391574,33702,8882190,0.0,0.0
NJ,2022-06-02,2399878,33742,8882190,8304.0,40.0
NJ,2022-06-03,2399878,33742,8882190,0.0,0.0
NJ,2022-06-04,2399878,33742,8882190,0.0,0.0
NJ,2022-06-05,2399878,33742,8882190,0.0,0.0
NJ,2022-06-06,2408981,33760,8882190,9103.0,18.0
NJ,2022-06-07,2408981,33760,8882190,0.0,0.0
NJ,2022-06-08,2421581,33811,8882190,12600.0,51.0
NJ,2022-06-09,2425321,33821,8882190,3740.0,10.0
NJ,2022-06-10,2425321,33821,8882190,0.0,0.0
NJ,2022-06-11,2425321,33821,8882190,0.0,0.0
NJ,2022-06-12,2425321,33821,8882190,0.0,0.0
NJ,2022-06-13,2435474,33859,8882190,10153.0,38.0
NJ,2022-06-14,2438616,33879,8882190,3142.0,20.0
NJ,2022-06-15,2441695,33896,8882190,3079.0,17.0
NJ,2022-06-16,2441695,33896,8882190,0.0,0.0
NJ,2022-06-17,2448360,33920,8882190,6665.0,24.0
NJ,2022-06-18,2448360,33920,8882190,0.0,0.0
NJ,2022-06-19,2448360,33920,8882190,0.0,0.0
NJ,2022-06-20,2454771,33939,8882190,6411.0,19.0
NJ,2022-06-21,2457620,33949,8882190,2849.0,10.0
NJ,2022-06-22,2461164,33966,8882190,3544.0,17.0
NJ,2022-06-23,2461164,33966,8882190,0.0,0.0
NJ,2022-06-24,2467695,33994,8882190,6531.0,28.0
NJ,2022-06-25,2467695,33994,8882190,0.0,0.0
NJ,2022-06-26,2467695,33994,8882190,0.0,0.0
NJ,2022-06-27,2475025,34007,8882190,7330.0,13.0
NJ,2022-06-28,2478646,34023,8882190,3621.0,16.0
NJ,2022-06-29,2481788,34036,8882190,3142.0,13.0
NJ,2022-06-30,2485702,34049,8882190,3914.0,13.0
NJ,2022-07-01,2489319,34057,8882190,3617.0,8.0
NJ,2022-07-02,2489319,34057,8882190,0.0,0.0
NJ,2022-07-03,2489319,34057,8882190,0.0,0.0
NJ,2022-07-04,2489319,34057,8882190,0.0,0.0
NJ,2022-07-05,2499558,34066,8882190,10239.0,9.0
NJ,2022-07-06,2499558,34066,8882190,0.0,0.0
NJ,2022-07-07,2502627,34083,8882190,3069.0,17.0
NJ,2022-07-08,2511051,34099,8882190,8424.0,16.0
NJ,2022-07-09,2511051,34099,8882190,0.0,0.0
NJ,2022-07-10,2511051,34099,8882190,0.0,0.0
NJ,2022-07-11,2519596,34112,8882190,8545.0,13.0
NJ,2022-07-12,2524027,34126,8882190,4431.0,14.0
NJ,2022-07-13,2527735,34133,8882190,3708.0,7.0
NJ,2022-07-14,2532010,34145,8882190,4275.0,12.0
NJ,2022-07-15,2535975,34152,8882190,3965.0,7.0
NJ,2022-07-16,2535975,34152,8882190,0.0,0.0
NJ,2022-07-17,2535975,34152,8882190,0.0,0.0
NJ,2022-07-18,2542489,34163,8882190,6514.0,11.0
NJ,2022-07-19,2549274,34174,8882190,6785.0,11.0
NJ,2022-07-20,2553228,34189,8882190,3954.0,15.0
NJ,2022-07-21,2553228,34189,8882190,0.0,0.0
NJ,2022-07-22,2553228,34189,8882190,0.0,0.0
NJ,2022-07-23,2553228,34189,8882190,0.0,0.0
NJ,2022-07-24,2553228,34189,8882190,0.0,0.0
NJ,2022-07-25,2553228,34189,8882190,0.0,0.0
NJ,2022-07-26,2574636,34240,8882190,21408.0,51.0
NJ,2022-07-27,2574636,34240,8882190,0.0,0.0
NJ,2022-07-28,2574636,34240,8882190,0.0,0.0
NJ,2022-07-29,2574636,34240,8882190,0.0,0.0
NJ,2022-07-30,2574636,34240,8882190,0.0,0.0
NJ,2022-07-31,2574636,34240,8882190,0.0,0.0
NJ,2022-08-01,2596057,34270,8882190,21421.0,30.0
NJ,2022-08-02,2599621,34290,8882190,3564.0,20.0
NJ,2022-08-03,2603056,34307,8882190,3435.0,17.0
NJ,2022-08-04,2606746,34320,8882190,3690.0,13.0
NJ,2022-08-05,2606746,34320,8882190,0.0,0.0
NJ,2022-08-06,2606746,34320,8882190,0.0,0.0
NJ,2022-08-07,2606746,34320,8882190,0.0,0.0
NJ,2022-08-08,2618139,34343,8882190,11393.0,23.0
NJ,2022-08-09,2621597,34346,8882190,3458.0,3.0
NJ,2022-08-10,2621597,34346,8882190,0.0,0.0
NJ,2022-08-11,2628161,34385,8882190,6564.0,39.0
NJ,2022-08-12,2628161,34385,8882190,0.0,0.0
NJ,2022-08-13,2628161,34385,8882190,0.0,0.0
NJ,2022-08-14,2628161,34385,8882190,0.0,0.0
NJ,2022-08-15,2637339,34404,8882190,9178.0,19.0
NJ,2022-08-16,2640254,34414,8882190,2915.0,10.0
NJ,2022-08-17,2642683,34425,8882190,2429.0,11.0
NJ,2022-08-18,2642683,34425,8882190,0.0,0.0
NJ,2022-08-19,2645875,34440,8882190,3192.0,15.0
NJ,2022-08-20,2645875,34440,8882190,0.0,0.0
NJ,2022-08-21,2645875,34440,8882190,0.0,0.0
NJ,2022-08-22,2653790,34467,8882190,7915.0,27.0
NJ,2022-08-23,2653790,34467,8882190,0.0,0.0
NJ,2022-08-24,2658997,34497,8882190,5207.0,30.0
NJ,2022-08-25,2658997,34497,8882190,0.0,0.0
NJ,2022-08-26,2664134,34520,8882190,5137.0,23.0
NJ,2022-08-27,2664134,34520,8882190,0.0,0.0
NJ,2022-08-28,2664134,34520,8882190,0.0,0.0
NJ,2022-08-29,2670174,34532,8882190,6040.0,12.0
NJ,2022-08-30,2671815,34545,8882190,1641.0,13.0
NJ,2022-08-31,2671815,34545,8882190,0.0,0.0
NJ,2022-09-01,2676470,34567,8882190,4655.0,22.0
NJ,2022-09-02,2678592,34577,8882190,2122.0,10.0
NJ,2022-09-03,2678592,34577,8882190,0.0,0.0
NJ,2022-09-04,2678592,34577,8882190,0.0,0.0
NJ,2022-09-05,2682908,34583,8882190,4316.0,6.0
NJ,2022-09-06,2682908,34583,8882190,0.0,0.0
NJ,2022-09-07,2682908,34583,8882190,0.0,0.0
NJ,2022-09-08,2682908,34583,8882190,0.0,0.0
NJ,2022-09-09,2682908,34583,8882190,0.0,0.0
NJ,2022-09-10,2682908,34583,8882190,0.0,0.0
NJ,2022-09-11,2682908,34583,8882190,0.0,0.0
NJ,2022-09-12,2682908,34632,8882190,0.0,49.0
NJ,2022-09-13,2682908,34632,8882190,0.0,0.0
NJ,2022-09-14,2682908,34632,8882190,0.0,0.0
NJ,2022-09-15,2698373,34642,8882190,15465.0,10.0
NJ,2022-09-16,2698373,34642,8882190,0.0,0.0
NJ,2022-09-17,2698373,34642,8882190,0.0,0.0
NJ,2022-09-18,2698373,34642,8882190,0.0,0.0
NJ,2022-09-19,2710100,34679,8882190,11727.0,37.0
NJ,2022-09-20,2713103,34689,8882190,3003.0,10.0
NJ,2022-09-21,2713103,34689,8882190,0.0,0.0
NJ,2022-09-22,2719807,34700,8882190,6704.0,11.0
NJ,2022-09-23,2719807,34700,8882190,0.0,0.0
NJ,2022-09-24,2719807,34700,8882190,0.0,0.0
NJ,2022-09-25,2719807,34700,8882190,0.0,0.0
NJ,2022-09-26,2728204,34719,8882190,8397.0,19.0
NJ,2022-09-27,2730871,34725,8882190,2667.0,6.0
NJ,2022-09-28,2733395,34731,8882190,2524.0,6.0
NJ,2022-09-29,2733395,34731,8882190,0.0,0.0
NJ,2022-09-30,2738609,34744,8882190,5214.0,13.0
NJ,2022-10-01,2738609,34744,8882190,0.0,0.0
NJ,2022-10-02,2738609,34744,8882190,0.0,0.0
NJ,2022-10-03,2744045,34754,8882190,5436.0,10.0
NJ,2022-10-04,2746023,34759,8882190,1978.0,5.0
NJ,2022-10-05,2746023,34759,8882190,0.0,0.0
NJ,2022-10-06,2746023,34759,8882190,0.0,0.0
NJ,2022-10-07,2746023,34759,8882190,0.0,0.0
NJ,2022-10-08,2746023,34759,8882190,0.0,0.0
NJ,2022-10-09,2746023,34759,8882190,0.0,0.0
NJ,2022-10-10,2746023,34759,8882190,0.0,0.0
NJ,2022-10-11,2759319,34792,8882190,13296.0,33.0
NJ,2022-10-12,2759319,34792,8882190,0.0,0.0
NJ,2022-10-13,2763343,34810,8882190,4024.0,18.0
NJ,2022-10-14,2763343,34810,8882190,0.0,0.0
NJ,2022-10-15,2763343,34810,8882190,0.0,0.0
NJ,2022-10-16,2763343,34810,8882190,0.0,0.0
NJ,2022-10-17,2763343,34810,8882190,0.0,0.0
NJ,2022-10-18,2771839,34834,8882190,8496.0,24.0
NJ,2022-10-19,2771839,34834,8882190,0.0,0.0
NJ,2022-10-20,2771839,34834,8882190,0.0,0.0
NJ,2022-10-21,2771839,34834,8882190,0.0,0.0
NJ,2022-10-22,2771839,34834,8882190,0.0,0.0
NJ,2022-10-23,2771839,34834,8882190,0.0,0.0
NJ,2022-10-24,2771839,34834,8882190,0.0,0.0
NJ,2022-10-25,2778422,34862,8882190,6583.0,28.0
NJ,2022-10-26,2778422,34862,8882190,0.0,0.0
NJ,2022-10-27,2778422,34862,8882190,0.0,0.0
NJ,2022-10-28,2778422,34862,8882190,0.0,0.0
NJ,2022-10-29,2778422,34862,8882190,0.0,0.0
NJ,2022-10-30,2778422,34862,8882190,0.0,0.0
NJ,2022-10-31,2778422,34862,8882190,0.0,0.0
NJ,2022-11-01,2793333,34904,8882190,14911.0,42.0
NJ,2022-11-02,2793333,34904,8882190,0.0,0.0
NJ,2022-11-03,2802026,34926,8882190,8693.0,22.0
NJ,2022-11-04,2802026,34926,8882190,0.0,0.0
NJ,2022-11-05,2802026,34926,8882190,0.0,0.0
NJ,2022-11-06,2802026,34926,8882190,0.0,0.0
NJ,2022-11-07,2808221,34940,8882190,6195.0,14.0
NJ,2022-11-08,2808221,34940,8882190,0.0,0.0
NJ,2022-11-09,2808221,34940,8882190,0.0,0.0
NJ,2022-11-10,2808221,34940,8882190,0.0,0.0
NJ,2022-11-11,2808221,34940,8882190,0.0,0.0
NJ,2022-11-12,2808221,34940,8882190,0.0,0.0
NJ,2022-11-13,2808221,34940,8882190,0.0,0.0
NJ,2022-11-14,2808221,34940,8882190,0.0,0.0
NJ,2022-11-15,2808221,34940,8882190,0.0,0.0
NJ,2022-11-16,2808221,34940,8882190,0.0,0.0
NJ,2022-11-17,2822641,35017,8882190,14420.0,77.0
NJ,2022-11-18,2822641,35017,8882190,0.0,0.0
NJ,2022-11-19,2822641,35017,8882190,0.0,0.0
NJ,2022-11-20,2822641,35017,8882190,0.0,0.0
NJ,2022-11-21,2822641,35017,8882190,0.0,0.0
NJ,2022-11-22,2822641,35017,8882190,0.0,0.0
NJ,2022-11-23,2822641,35017,8882190,0.0,0.0
NJ,2022-11-24,2822641,35017,8882190,0.0,0.0
NJ,2022-11-25,2822641,35017,8882190,0.0,0.0
NJ,2022-11-26,2822641,35017,8882190,0.0,0.0
NJ,2022-11-27,2822641,35017,8882190,0.0,0.0
NJ,2022-11-28,2841617,35093,8882190,18976.0,76.0
NJ,2022-11-29,2843924,35110,8882190,2307.0,17.0
NJ,2022-11-30,2846933,35129,8882190,3009.0,19.0
NJ,2022-12-01,2846933,35129,8882190,0.0,0.0
NJ,2022-12-02,2846933,35129,8882190,0.0,0.0
NJ,2022-12-03,2846933,35129,8882190,0.0,0.0
NJ,2022-12-04,2846933,35129,8882190,0.0,0.0
NJ,2022-12-05,2846933,35129,8882190,0.0,0.0
NJ,2022-12-06,2846933,35129,8882190,0.0,0.0
NJ,2022-12-07,2846933,35129,8882190,0.0,0.0
NJ,2022-12-08,2846933,35129,8882190,0.0,0.0
NJ,2022-12-09,2860187,35186,8882190,13254.0,57.0
NJ,2022-12-10,2860187,35186,8882190,0.0,0.0
NJ,2022-12-11,2860187,35186,8882190,0.0,0.0
NJ,2022-12-12,2860187,35186,8882190,0.0,0.0
NJ,2022-12-13,2860187,35186,8882190,0.0,0.0
NJ,2022-12-14,2860187,35186,8882190,0.0,0.0
NJ,2022-12-15,2860187,35186,8882190,0.0,0.0
NJ,2022-12-16,2884305,35311,8882190,24118.0,125.0
NJ,2022-12-17,2884305,35311,8882190,0.0,0.0
NJ,2022-12-18,2884305,35311,8882190,0.0,0.0
NJ,2022-12-19,2884305,35311,8882190,0.0,0.0
NJ,2022-12-20,2884305,35311,8882190,0.0,0.0
NJ,2022-12-21,2897052,35368,8882190,12747.0,57.0
NJ,2022-12-22,2897052,35368,8882190,0.0,0.0
NJ,2022-12-23,2897052,35368,8882190,0.0,0.0
NJ,2022-12-24,2897052,35368,8882190,0.0,0.0
NJ,2022-12-25,2897052,35368,8882190,0.0,0.0
NJ,2022-12-26,2897052,35368,8882190,0.0,0.0
NJ,2022-12-27,2897052,35368,8882190,0.0,0.0
NJ,2022-12-28,2897052,35368,8882190,0.0,0.0
NJ,2022-12-29,2897052,35368,8882190,0.0,0.0
NJ,2022-12-30,2897052,35368,8882190,0.0,0.0
NJ,2022-12-31,2897052,35368,8882190,0.0,0.0
NJ,2023-01-01,2897052,35368,8882190,0.0,0.0
NJ,2023-01-02,2897052,35368,8882190,0.0,0.0
NY,2022-05-30,5407281,68237,19453561,21446.0,0.0
NY,2022-05-31,5412962,68256,19453561,5681.0,19.0
NY,2022-06-01,5418774,68329,19453561,5812.0,73.0
NY,2022-06-02,5426651,68359,19453561,7877.0,30.0
NY,2022-06-03,5426651,68387,19453561,0.0,28.0
NY,2022-06-04,5426651,68387,19453561,0.0,0.0
NY,2022-06-05,5443533,68387,19453561,16882.0,0.0
NY,2022-06-06,5448164,68439,19453561,4631.0,52.0
NY,2022-06-07,5456097,68473,19453561,7933.0,34.0
NY,2022-06-08,5462454,68502,19453561,6357.0,29.0
NY,2022-06-09,5462454,68529,19453561,0.0,27.0
NY,2022-06-10,5468117,68537,19453561,5663.0,8.0
NY,2022-06-11,5468117,68537,19453561,0.0,0.0
NY,2022-06-12,5482033,68537,19453561,13916.0,0.0
NY,2022-06-13,5485923,68567,19453561,3890.0,30.0
NY,2022-06-14,5491202,68620,19453561,5279.0,53.0
NY,2022-06-15,5497115,68652,19453561,5913.0,32.0
NY,2022-06-16,5502291,68682,19453561,5176.0,30.0
NY,2022-06-17,5502291,68698,19453561,0.0,16.0
NY,2022-06-18,5502291,68698,19453561,0.0,0.0
NY,2022-06-19,5515713,68698,19453561,13422.0,0.0
NY,2022-06-20,5519413,68711,19453561,3700.0,13.0
NY,2022-06-21,5523624,68726,19453561,4211.0,15.0
NY,2022-06-22,5529901,68726,19453561,6277.0,0.0
NY,2022-06-23,5536276,68810,19453561,6375.0,84.0
NY,2022-06-24,5536276,68825,19453561,0.0,15.0
NY,2022-06-25,5536276,68825,19453561,0.0,0.0
NY,2022-06-26,5551296,68825,19453561,15020.0,0.0
NY,2022-06-27,5555316,68845,19453561,4020.0,20.0
NY,2022-06-28,5555316,68887,19453561,0.0,42.0
NY,2022-06-29,5567871,68900,19453561,12555.0,13.0
NY,2022-06-30,5567871,68929,19453561,0.0,29.0
NY,2022-07-01,5567871,68950,19453561,0.0,21.0
NY,2022-07-02,5567871,68950,19453561,0.0,0.0
NY,2022-07-03,5591018,68950,19453561,23147.0,0.0
NY,2022-07-04,5595056,68959,19453561,4038.0,9.0
NY,2022-07-05,5595056,68982,19453561,0.0,23.0
NY,2022-07-06,5595056,69022,19453561,0.0,40.0
NY,2022-07-07,5614267,69042,19453561,19211.0,20.0
NY,2022-07-08,5614267,69059,19453561,0.0,17.0
NY,2022-07-09,5628118,69059,19453561,13851.0,0.0
NY,2022-07-10,5628118,69059,19453561,0.0,0.0
NY,2022-07-11,5641149,69084,19453561,13031.0,25.0
NY,2022-07-12,5647308,69098,19453561,6159.0,14.0
NY,2022-07-13,5656561,69142,19453561,9253.0,44.0
NY,2022-07-14,5656561,69161,19453561,0.0,19.0
NY,2022-07-15,5656561,69172,19453561,0.0,11.0
NY,2022-07-16,5656561,69172,19453561,0.0,0.0
NY,2022-07-17,5684192,69172,19453561,27631.0,0.0
NY,2022-07-18,5689612,69207,19453561,5420.0,35.0
NY,2022-07-19,5698417,69252,19453561,8805.0,45.0
NY,2022-07-20,5698417,69289,19453561,0.0,37.0
NY,2022-07-21,5714205,69321,19453561,15788.0,32.0
NY,2022-07-22,5714205,69342,19453561,0.0,21.0
NY,2022-07-23,5714205,69342,19453561,0.0,0.0
NY,2022-07-24,5732273,69342,19453561,18068.0,0.0
NY,2022-07-25,5737230,69374,19453561,4957.0,32.0
NY,2022-07-26,5737230,69433,19453561,0.0,59.0
NY,2022-07-27,5752106,69465,19453561,14876.0,32.0
NY,2022-07-28,5759199,69498,19453561,7093.0,33.0
NY,2022-07-29,5759199,69510,19453561,0.0,12.0
NY,2022-07-30,5759199,69510,19453561,0.0,0.0
NY,2022-07-31,5775400,69510,19453561,16201.0,0.0
NY,2022-08-01,5779780,69567,19453561,4380.0,57.0
NY,2022-08-02,5787267,69626,19453561,7487.0,59.0
NY,2022-08-03,5795173,69634,19453561,7906.0,8.0
NY,2022-08-04,5801675,69700,19453561,6502.0,66.0
NY,2022-08-05,5801675,69729,19453561,0.0,29.0
NY,2022-08-06,5801675,69729,19453561,0.0,0.0
NY,2022-08-07,5815584,69729,19453561,13909.0,0.0
NY,2022-08-08,5820864,69748,19453561,5280.0,19.0
NY,2022-08-09,5826656,69812,19453561,5792.0,64.0
NY,2022-08-10,5833392,69844,19453561,6736.0,32.0
NY,2022-08-11,5839344,69872,19453561,5952.0,28.0
NY,2022-08-12,5839344,69908,19453561,0.0,36.0
NY,2022-08-13,5839344,69908,19453561,0.0,0.0
NY,2022-08-14,5852219,69908,19453561,12875.0,0.0
NY,2022-08-15,5855877,69939,19453561,3658.0,31.0
NY,2022-08-16,5860780,69964,19453561,4903.0,25.0
NY,2022-08-17,5866174,70016,19453561,5394.0,52.0
NY,2022-08-18,5871236,70039,19453561,5062.0,23.0
NY,2022-08-19,5871236,70064,19453561,0.0,25.0
NY,2022-08-20,5880368,70064,19453561,9132.0,0.0
NY,2022-08-21,5880368,70064,19453561,0.0,0.0
NY,2022-08-22,5887314,70099,19453561,6946.0,35.0
NY,2022-08-23,5891946,70122,19453561,4632.0,23.0
NY,2022-08-24,5897203,70186,19453561,5257.0,64.0
NY,2022-08-25,5901905,70208,19453561,4702.0,22.0
NY,2022-08-26,5901905,70215,19453561,0.0,7.0
NY,2022-08-27,5901905,70215,19453561,0.0,0.0
NY,2022-08-28,5912805,70215,19453561,10900.0,0.0
NY,2022-08-29,5916160,70270,19453561,3355.0,55.0
NY,2022-08-30,5920512,70311,19453561,4352.0,41.0
NY,2022-08-31,5925453,70343,19453561,4941.0,32.0
NY,2022-09-01,5929215,70375,19453561,3762.0,32.0
NY,2022-09-02,5929215,70395,19453561,0.0,20.0
NY,2022-09-03,5929215,70395,19453561,0.0,0.0
NY,2022-09-04,5939568,70395,19453561,10353.0,0.0
NY,2022-09-05,5941600,70411,19453561,2032.0,16.0
NY,2022-09-06,5944986,70440,19453561,3386.0,29.0
NY,2022-09-07,5949086,70489,19453561,4100.0,49.0
NY,2022-09-08,5953349,70508,19453561,4263.0,19.0
NY,2022-09-09,5953349,70524,19453561,0.0,16.0
NY,2022-09-10,5953349,70524,19453561,0.0,0.0
NY,2022-09-11,5964066,70524,19453561,10717.0,0.0
NY,2022-09-12,5966983,70563,19453561,2917.0,39.0
NY,2022-09-13,5972214,70632,19453561,5231.0,69.0
NY,2022-09-14,5972214,70661,19453561,0.0,29.0
NY,2022-09-15,5981280,70670,19453561,9066.0,9.0
NY,2022-09-16,5981280,70717,19453561,0.0,47.0
NY,2022-09-17,5981280,70717,19453561,0.0,0.0
NY,2022-09-18,5993964,70717,19453561,12684.0,0.0
NY,2022-09-19,5997355,70740,19453561,3391.0,23.0
NY,2022-09-20,6002926,70762,19453561,5571.0,22.0
NY,2022-09-21,6008878,70812,19453561,5952.0,50.0
NY,2022-09-22,6014256,70831,19453561,5378.0,19.0
NY,2022-09-23,6014256,70856,19453561,0.0,25.0
NY,2022-09-24,6023133,70856,19453561,8877.0,0.0
NY,2022-09-25,6023133,70856,19453561,0.0,0.0
NY,2022-09-26,6029297,70882,19453561,6164.0,26.0
NY,2022-09-27,6034105,70922,19453561,4808.0,40.0
NY,2022-09-28,6034105,70922,19453561,0.0,0.0
NY,2022-09-29,6034105,71016,19453561,0.0,94.0
NY,2022-09-30,6034105,71041,19453561,0.0,25.0
NY,2022-10-01,6034105,71041,19453561,0.0,0.0
NY,2022-10-02,6055593,71041,19453561,21488.0,0.0
NY,2022-10-03,6058584,71072,19453561,2991.0,31.0
NY,2022-10-04,6063035,71113,19453561,4451.0,41.0
NY,2022-10-05,6067755,71132,19453561,4720.0,19.0
NY,2022-10-06,6071907,71146,19453561,4152.0,14.0
NY,2022-10-07,6071907,71198,19453561,0.0,52.0
NY,2022-10-08,6071907,71198,19453561,0.0,0.0
NY,2022-10-09,6082869,71198,19453561,10962.0,0.0
NY,2022-10-10,6085746,71198,19453561,2877.0,0.0
NY,2022-10-11,6089656,71242,19453561,3910.0,44.0
NY,2022-10-12,6094466,71316,19453561,4810.0,74.0
NY,2022-10-13,6099768,71359,19453561,5302.0,43.0
NY,2022-10-14,6099768,71372,19453561,0.0,13.0
NY,2022-10-15,6099768,71372,19453561,0.0,0.0
NY,2022-10-16,6110634,71372,19453561,10866.0,0.0
NY,2022-10-17,6113561,71424,19453561,2927.0,52.0
NY,2022-10-18,6117754,71479,19453561,4193.0,55.0
NY,2022-10-19,6122430,71520,19453561,4676.0,41.0
NY,2022-10-20,6126603,71556,19453561,4173.0,36.0
NY,2022-10-21,6126603,71775,19453561,0.0,219.0
NY,2022-10-22,6126603,71775,19453561,0.0,0.0
NY,2022-10-23,6136464,71775,19453561,9861.0,0.0
NY,2022-10-24,6139444,71817,19453561,2980.0,42.0
NY,2022-10-25,6143834,71875,19453561,4390.0,58.0
NY,2022-10-26,6148940,72301,19453561,5106.0,426.0
NY,2022-10-27,6153524,72337,19453561,4584.0,36.0
NY,2022-10-28,6153524,72319,19453561,0.0,-18.0
NY,2022-10-29,6153524,72319,19453561,0.0,0.0
NY,2022-10-30,6164090,72319,19453561,10566.0,0.0
NY,2022-10-31,6166897,72307,19453561,2807.0,-12.0
NY,2022-11-01,6171027,72346,19453561,4130.0,39.0
NY,2022-11-02,6175693,72379,19453561,4666.0,33.0
NY,2022-11-03,6175693,72415,19453561,0.0,36.0
NY,2022-11-04,6180494,72445,19453561,4801.0,30.0
NY,2022-11-05,6180494,72445,19453561,0.0,0.0
NY,2022-11-06,6192173,72445,19453561,11679.0,0.0
NY,2022-11-07,6195494,72480,19453561,3321.0,35.0
NY,2022-11-08,6199924,72480,19453561,4430.0,0.0
NY,2022-11-09,6204401,72570,19453561,4477.0,90.0
NY,2022-11-10,6208666,71571,19453561,4265.0,-999.0
NY,2022-11-11,6208666,72571,19453561,0.0,1000.0
NY,2022-11-12,6208666,72571,19453561,0.0,0.0
NY,2022-11-13,6218033,72571,19453561,9367.0,0.0
NY,2022-11-14,6221164,72594,19453561,3131.0,23.0
NY,2022-11-15,6225255,72662,19453561,4091.0,68.0
NY,2022-11-16,6229666,72715,19453561,4411.0,53.0
NY,2022-11-17,6233695,72746,19453561,4029.0,31.0
NY,2022-11-18,6233695,72765,19453561,0.0,19.0
NY,2022-11-19,6233695,72765,19453561,0.0,0.0
NY,2022-11-20,6244030,72765,19453561,10335.0,0.0
NY,2022-11-21,6244030,72801,19453561,0.0,36.0
NY,2022-11-22,6250706,72753,19453561,6676.0,-48.0
NY,2022-11-23,6256072,72927,19453561,5366.0,174.0
NY,2022-11-24,6260003,72927,19453561,3931.0,0.0
NY,2022-11-25,6260003,72943,19453561,0.0,16.0
NY,2022-11-26,6260003,72943,19453561,0.0,0.0
NY,2022-11-27,6268275,72943,19453561,8272.0,0.0
NY,2022-11-28,6272132,73020,19453561,3857.0,77.0
NY,2022-11-29,6279242,73088,19453561,7110.0,68.0
NY,2022-11-30,6286857,73121,19453561,7615.0,33.0
NY,2022-12-01,6293064,73153,19453561,6207.0,32.0
NY,2022-12-02,6293064,73186,19453561,0.0,33.0
NY,2022-12-03,6293064,73186,19453561,0.0,0.0
NY,2022-12-04,6293064,73186,19453561,0.0,0.0
NY,2022-12-05,6293064,73186,19453561,0.0,0.0
NY,2022-12-06,6293064,73186,19453561,0.0,0.0
NY,2022-12-07,6293064,73186,19453561,0.0,0.0
NY,2022-12-08,6330196,73186,19453561,37132.0,0.0
NY,2022-12-09,6330196,73417,19453561,0.0,231.0
NY,2022-12-10,6330196,73417,19453561,0.0,0.0
NY,2022-12-11,6330196,73417,19453561,0.0,0.0
NY,2022-12-12,6330196,73417,19453561,0.0,0.0
NY,2022-12-13,6330196,73417,19453561,0.0,0.0
NY,2022-12-14,6330196,73417,19453561,0.0,0.0
NY,2022-12-15,6368419,73417,19453561,38223.0,0.0
NY,2022-12-16,6368419,73657,19453561,0.0,240.0
NY,2022-12-17,6368419,73657,19453561,0.0,0.0
NY,2022-12-18,6368419,73657,19453561,0.0,0.0
NY,2022-12-19,6368419,73657,19453561,0.0,0.0
NY,2022-12-20,6394125,73657,19453561,25706.0,0.0
NY,2022-12-21,6394125,73867,19453561,0.0,210.0
NY,2022-12-22,6394125,73867,19453561,0.0,0.0
NY,2022-12-23,6394125,73867,19453561,0.0,0.0
NY,2022-12-24,6394125,73867,19453561,0.0,0.0
NY,2022-12-25,6394125,73867,19453561,0.0,0.0
NY,2022-12-26,6394125,73867,19453561,0.0,0.0
NY,2022-12-27,6394125,73867,19453561,0.0,0.0
NY,2022-12-28,6394125,73867,19453561,0.0,0.0
NY,2022-12-29,6439014,73867,19453561,44889.0,0.0
NY,2022-12-30,6439014,74252,19453561,0.0,385.0
NY,2022-12-31,6439014,74252,19453561,0.0,0.0
NY,2023-01-01,6439014,74252,19453561,0.0,0.0
NY,2023-01-02,6439014,74252,19453561,0.0,0.0
